channel_id,title,description,creation_date,subscriber_count,total_views,total_videos,country
UCakdSIPsJqiOLqylgoYmwQg,itversity,"ğŸš¨ ğ—¦ğ—¨ğ—•ğ—¦ğ—–ğ—¥ğ—œğ—•ğ—˜ ğ˜ğ—¼ ğ—¹ğ—²ğ—®ğ—¿ğ—» ğ——ğ—”ğ—§ğ—” ğ—˜ğ—¡ğ—šğ—œğ—¡ğ—˜ğ—˜ğ—¥ğ—œğ—¡ğ—š ğ—¼ğ—» ğ—–ğ—Ÿğ—¢ğ—¨ğ—— ğŸ¯

A free one-stop shop to learn all tips and techniques about all technologies catering to a wide array of IT professionals or aspirants. At this time focused on Data Engineering on the cloud (Azure, AWS, and GCP)
Our Offering:
* Training Services
* Engineering Services
* Managed Services
* Staffing Services

#DataEngineering #CloudComputing #AWS #Azure #GCP #devops
",2014-03-07,67700,9736879,3506,US
