playlist_id,channel_id,title,creation_date,total_videos
PLf0swTFhTI8rA8t1Igqp6j6i62r-jvWgb,UCakdSIPsJqiOLqylgoYmwQg,Mastering Medium: A Guide to Writing and Publishing‚Äù,2024-10-14T06:18:56Z,1
PLf0swTFhTI8rCnpGTml8URzGG-QGxY0fE,UCakdSIPsJqiOLqylgoYmwQg,Master Apache Spark 3.x using Databricks Community Edition,2024-07-02T23:22:39Z,0
PLf0swTFhTI8oQNiY2ZTf81zvKB7-y3y4e,UCakdSIPsJqiOLqylgoYmwQg,PostgreSQL SQL Full Course: Beginner to Advanced Techniques,2024-06-26T15:46:08Z,92
PLf0swTFhTI8rZRa5OzGpOu-Y2txIlVlCH,UCakdSIPsJqiOLqylgoYmwQg,Building Data Pipelines using DBT,2024-06-25T16:09:56Z,1
PLf0swTFhTI8qeHGtGE57P3ZxPaP0OKNPk,UCakdSIPsJqiOLqylgoYmwQg,SQL Interview Tips and Questions,2024-06-17T03:25:55Z,1
PLf0swTFhTI8puXTkRCPxht7jgL731FxsF,UCakdSIPsJqiOLqylgoYmwQg,Udemy Resources,2022-08-16T05:29:50Z,3
PLf0swTFhTI8rWa0FlKjxjVdorLARMmZrX,UCakdSIPsJqiOLqylgoYmwQg,Linux Shell Commands for absolute beginners using Ubuntu 20.04,2022-05-11T19:28:37Z,19
PLf0swTFhTI8p0EfYLeOYPu6T7MOK7ETI7,UCakdSIPsJqiOLqylgoYmwQg,Databricks Certified Associate Developer - Apache Spark 3.0 using Azure (Complete Playlist),2022-03-26T15:56:30Z,15
PLf0swTFhTI8p5g_4QtmZjtVtU0vL5MBJ0,UCakdSIPsJqiOLqylgoYmwQg,Building Machine Learning Models using Python Series (recordings of live sessions),2022-03-02T02:33:00Z,2
PLf0swTFhTI8qo4G7NiwG-X8uTsUPtoQ0a,UCakdSIPsJqiOLqylgoYmwQg,Data Engineering using Databricks - Deep Dive into Databricks Features on Cloud using AWS as well as Azure,2022-02-12T13:00:48Z,6
PLf0swTFhTI8rBHpmJ0y1jhpMW1_fqTl3f,UCakdSIPsJqiOLqylgoYmwQg,Section 033 - Apache Spark using Python - Data Processing Overview,2022-01-04T16:36:01Z,8
PLf0swTFhTI8q7WBSxGhFyt15H6NcvAVIU,UCakdSIPsJqiOLqylgoYmwQg,Section 032 - Data Engineering using Spark SQL - Windowing Functions,2022-01-04T16:27:29Z,10
PLf0swTFhTI8rZVCKvu19nOjRey7ZSFEPI,UCakdSIPsJqiOLqylgoYmwQg,Section 038 - Apache Spark using Python - Development Life Cycle using Python,2021-12-31T13:50:32Z,15
PLf0swTFhTI8o2QERCE5SCNySlCIJtFZh1,UCakdSIPsJqiOLqylgoYmwQg,Section 037 - Apache Spark using Python - Spark Metastore,2021-12-31T13:40:14Z,11
PLf0swTFhTI8owtKU0z8CABANjXa5PnF05,UCakdSIPsJqiOLqylgoYmwQg,Section 036 - Apache Spark using Python - Joining Data Sets,2021-12-31T13:06:50Z,14
PLf0swTFhTI8qnp6jJ5IOzVLpKqX3bsqhs,UCakdSIPsJqiOLqylgoYmwQg,Section 035 - Apache Spark using Python - Basic Transformations,2021-12-31T12:35:44Z,16
PLf0swTFhTI8rHFnqaSzKc7kx37PFt61CV,UCakdSIPsJqiOLqylgoYmwQg,Section 034 - Apache Spark using Python - Processing Column Data,2021-12-31T12:05:17Z,18
PLf0swTFhTI8q902mY30MeE2E2ASxRllK2,UCakdSIPsJqiOLqylgoYmwQg,Section 031 - Data Engineering using Spark SQL - Overview of Spark SQL Functions,2021-12-31T11:19:00Z,10
PLf0swTFhTI8rOjNTDL5U9g9srd3UVaSOO,UCakdSIPsJqiOLqylgoYmwQg,Section 030 - Data Engineering using Spark SQL - Managing Tables - DML and Partitioning,2021-12-31T10:58:45Z,11
PLf0swTFhTI8qzDkGaAFv9USzTstd3PXKU,UCakdSIPsJqiOLqylgoYmwQg,Section 029 - Data Engineering using Spark SQL - Managing Tables - Basic DDL and DML,2021-12-31T10:42:58Z,13
PLf0swTFhTI8qszjfS4NGUF0_-B2wYLs52,UCakdSIPsJqiOLqylgoYmwQg,Section 028 - Data Engineering using Spark SQL - Basic Transformations,2021-12-31T10:33:06Z,11
PLf0swTFhTI8oQ-OWLFkyBhFlRncauK1E-,UCakdSIPsJqiOLqylgoYmwQg,Section 027 - Data Engineering using Spark SQL - Getting Started,2021-12-31T10:23:23Z,11
PLf0swTFhTI8rAX1_VRSVa500fnIRDmcWT,UCakdSIPsJqiOLqylgoYmwQg,Section 026 - Introduction to Hadoop eco system - Overview of HDFS,2021-12-31T10:11:04Z,13
PLf0swTFhTI8qZ4m-7jZphBG2nXD8bhLk6,UCakdSIPsJqiOLqylgoYmwQg,Section 025 - Big Data ecosystem - Setup Hive and Spark on Single Node Cluster,2021-12-31T08:43:48Z,15
PLf0swTFhTI8q2pJKnoFfZrXK590l1UKy9,UCakdSIPsJqiOLqylgoYmwQg,Section 024 - Big Data ecosystem - Setup Hadoop on Single Node Cluster,2021-12-31T08:34:00Z,9
PLf0swTFhTI8pDr_1bLCaiBp9rOzlT8Md9,UCakdSIPsJqiOLqylgoYmwQg,Section 023 - Programming Essentials using Python - Database Programming - Batch Operations,2021-12-31T08:28:22Z,5
PLf0swTFhTI8p9EXJzcVhHtgrYXv8RIwfW,UCakdSIPsJqiOLqylgoYmwQg,Section 022 - Programming Essentials using Python - Database Programming - CRUD Operations,2021-12-31T08:13:04Z,10
PLf0swTFhTI8ryxuW3kiSOtR_SpjX6RvOx,UCakdSIPsJqiOLqylgoYmwQg,Section 021 - Programming Essentials using Python - Overview of Pandas Libraries,2021-12-31T07:47:05Z,10
PLf0swTFhTI8o-Mp_7XKP0tvNQH58n5jxj,UCakdSIPsJqiOLqylgoYmwQg,Section 020 - Programming Essentials using Python - Understanding Map Reduce Libraries,2021-12-31T07:37:03Z,4
PLf0swTFhTI8qWjbW0ZHN1bxEI3XhhYnda,UCakdSIPsJqiOLqylgoYmwQg,Section 019 - Programming Essentials using Python - Manipulating Collections using loops,2021-12-31T07:23:17Z,10
PLf0swTFhTI8qfzZRxJGY2IM7sfk1KbVDv,UCakdSIPsJqiOLqylgoYmwQg,Section 018 - Programming Essentials using Python - Overview of Collections - dict and tuple,2021-12-31T07:07:40Z,8
PLf0swTFhTI8qKi4vinmYGFseNqUccOKBi,UCakdSIPsJqiOLqylgoYmwQg,Section 017 - Programming Essentials using Python - Overview of Collections - list and set,2021-12-31T06:36:34Z,10
PLf0swTFhTI8qdciIijBo8IIQqEyO4mYyc,UCakdSIPsJqiOLqylgoYmwQg,Section 016 - Programming Essentials using Python - User Defined Functions,2021-12-17T16:22:19Z,12
PLf0swTFhTI8rnhaSGZIR1arDMy7z951CK,UCakdSIPsJqiOLqylgoYmwQg,Section 015 - Programming Essentials using Python - Predefined Functions,2021-12-17T16:11:59Z,7
PLf0swTFhTI8qbGQThd7sdQEWgPw5_8IDj,UCakdSIPsJqiOLqylgoYmwQg,Section 014 - Programming Essentials using Python - Basic Programming Constructs,2021-12-16T17:40:51Z,8
PLf0swTFhTI8pa2C4dihwYvhNMU6-kX8qN,UCakdSIPsJqiOLqylgoYmwQg,Section 013 - Programming Essentials using Python - Getting Started with Python,2021-12-15T15:00:13Z,8
PLf0swTFhTI8oL_jsMjiDcAFF2JtOsOZ1Q,UCakdSIPsJqiOLqylgoYmwQg,Section 012 - Programming Essentials using Python - Perform Database Operations,2021-12-14T15:48:20Z,11
PLf0swTFhTI8pkpSgVrAyJXgSH9e3ySGEu,UCakdSIPsJqiOLqylgoYmwQg,Section 011 - Database Essentials using Postgres - Writing Advanced SQL Queries,2021-12-13T15:34:44Z,14
PLf0swTFhTI8o01Lh0ywX68-xzSGIghvQE,UCakdSIPsJqiOLqylgoYmwQg,Section 010 - Database Essentials using Postgres - Predefined Functions,2021-12-13T10:56:35Z,19
PLf0swTFhTI8plB12vCFR1qYZpDN3X05CY,UCakdSIPsJqiOLqylgoYmwQg,Section 009 - Database Essentials using Postgres - Partitioning Tables and Indexes,2021-12-05T03:15:42Z,12
PLf0swTFhTI8pKFYyMn1Q1TmGJFquTfFXQ,UCakdSIPsJqiOLqylgoYmwQg,Section 008 - Database Essentials using Postgres,2021-11-28T14:26:11Z,10
PLf0swTFhTI8pJ13QTvxqxNMpZXSYArf_U,UCakdSIPsJqiOLqylgoYmwQg,Section 007 - Database Essentials using Postgres - Writing Basic SQL Queries,2021-11-20T13:33:34Z,12
PLf0swTFhTI8rCM7Y3l3p-nUMj4nVEBvbY,UCakdSIPsJqiOLqylgoYmwQg,Section 006 - Database Essentials using Postgres - Database Operations,2021-11-12T15:29:34Z,8
PLf0swTFhTI8pCEKy0WjPUSgtOxAs_qPYk,UCakdSIPsJqiOLqylgoYmwQg,Section 005 - Database Essentials using Postgres - Getting Started,2021-11-05T17:01:36Z,8
PLf0swTFhTI8q3xE87-EvjnMveAEZfuIIC,UCakdSIPsJqiOLqylgoYmwQg,Section 004 - Setting up Environment - Setup Postgres Database on Ubuntu VM,2021-10-29T10:16:34Z,9
PLf0swTFhTI8p1WpFLLWJxVcWoB-IB98Dv,UCakdSIPsJqiOLqylgoYmwQg,Section 003 - Setting up Environment - Overview of GCP and Provision Ubuntu VM,2021-10-21T07:25:16Z,7
PLf0swTFhTI8pRV9DDzae2o1m-cqe5PtJ2,UCakdSIPsJqiOLqylgoYmwQg,Data Engineering Pipeline using Python and Airflow,2021-10-13T16:17:17Z,9
PLf0swTFhTI8qOlvqmI6VyJubSt_jZRGku,UCakdSIPsJqiOLqylgoYmwQg,Section 002 - Setting up Environment using AWS Cloud9,2021-10-08T17:00:33Z,9
PLf0swTFhTI8oRM0Qv2UGijAkeGZDqs-xF,UCakdSIPsJqiOLqylgoYmwQg,"Data Engineering Essentials using Spark, Python and SQL",2021-10-01T16:17:15Z,402
PLf0swTFhTI8qnYQf5hKVNJLNsN194d9rS,UCakdSIPsJqiOLqylgoYmwQg,Section 001 - Introduction about the course,2021-10-01T15:22:36Z,6
PLf0swTFhTI8pWSHIHxl8fLp21ggMrIMg8,UCakdSIPsJqiOLqylgoYmwQg,ITVersity - All live Sessions,2021-09-18T15:05:49Z,6
PLf0swTFhTI8o-9Ix2eeR2Xnr1a-Pw8lxS,UCakdSIPsJqiOLqylgoYmwQg,Free Python and SQL Hands On Training for fresh graduates (July 2021),2021-07-31T15:20:51Z,3
PLf0swTFhTI8ouplAD9T0tWc895R80Qhj-,UCakdSIPsJqiOLqylgoYmwQg,Python Practice Tests - Self Assessments for professionals as well as Technical Screening for recruiters,2021-07-20T06:17:33Z,1
PLf0swTFhTI8qMc4aL8jFqnPODItCxz9ax,UCakdSIPsJqiOLqylgoYmwQg,Python and Data Engineering Bootcamp Program - 2021 August,2021-06-28T11:55:39Z,20
PLf0swTFhTI8qbQ5pF9VacNUPZcoMWlgG4,UCakdSIPsJqiOLqylgoYmwQg,Python and Data Engineering Bootcamp Program - 2021 July,2021-06-14T23:31:19Z,20
PLf0swTFhTI8ov46uXlJnsGp6NucjxgL9W,UCakdSIPsJqiOLqylgoYmwQg,ITVersity Trainings - Support Sessions and Demos,2021-06-02T12:03:40Z,2
PLf0swTFhTI8o5Lb5yw1aDtvVJ8Wo4Lpm-,UCakdSIPsJqiOLqylgoYmwQg,"Getting Started with ITVersity's Data Engineering Labs - Hadoop, Spark and Kafka on multi node cluster",2021-03-15T12:43:12Z,8
PLf0swTFhTI8rkH4yIfoyTAheEGjWIRtPG,UCakdSIPsJqiOLqylgoYmwQg,Mastering Python - A Comprehensive Python Course for beginners and experienced developers,2020-12-21T13:06:58Z,128
PLf0swTFhTI8qOGXb3e6BmqHGQ-tnsP51q,UCakdSIPsJqiOLqylgoYmwQg,Setup hands on lab on Ubuntu 18.04 VM on GCP using Docker to learn Python and SQL,2020-11-28T16:27:11Z,17
PLf0swTFhTI8p2yirPMTUhJ2xzuQhhUTwY,UCakdSIPsJqiOLqylgoYmwQg,Mastering SQL using Postgresql using ITVersity Labs,2020-11-09T14:01:09Z,86
PLf0swTFhTI8re8tJLnJ-ny68yXE8OfJH5,UCakdSIPsJqiOLqylgoYmwQg,Apache Spark using SQL,2020-10-30T13:48:58Z,66
PLf0swTFhTI8o_okwmgBvxZD8-GeVCdAEq,UCakdSIPsJqiOLqylgoYmwQg,ITVersity - Big Data Labs - Starterkits,2020-10-05T05:26:45Z,1
PLf0swTFhTI8rt0Bk0RAFC5-S6CUNrVQva,UCakdSIPsJqiOLqylgoYmwQg,A comprehensive NiFi Workshop,2020-07-10T17:37:13Z,7
PLf0swTFhTI8pBe2Vr2neQV7shh9Rus8rl,UCakdSIPsJqiOLqylgoYmwQg,"Free Data Engineering Bootcamp using Hadoop, Spark, NiFi, Kafka",2020-07-05T22:08:34Z,8
PLf0swTFhTI8rMmW7GZv1-z4iu_-TAv3bi,UCakdSIPsJqiOLqylgoYmwQg,Apache Spark using Python for Certifications (Databricks and Cloudera CCA 175),2020-07-05T15:30:07Z,9
PLf0swTFhTI8oQ5MKXOkQtCp6ksHZFf8wo,UCakdSIPsJqiOLqylgoYmwQg,Python Programming for Kids,2020-05-30T15:00:56Z,3
PLf0swTFhTI8qhMM6uka63ASG1RrRHws4o,UCakdSIPsJqiOLqylgoYmwQg,Data Engineering Workshop for 2020 Summer US Graduates,2020-05-20T00:53:58Z,42
PLf0swTFhTI8obWlNxixKrweLe93UR9cCc,UCakdSIPsJqiOLqylgoYmwQg,"Data Engineering Exercises (Python, Scala, SQL, Shell Scripting, Spark, NoSQL etc)",2020-05-06T15:35:53Z,9
PLf0swTFhTI8o__yFteXNWgQX8H6kSTQ7Z,UCakdSIPsJqiOLqylgoYmwQg,Basics of Programming using Python,2020-04-25T16:41:33Z,25
PLf0swTFhTI8q8kLYt6Nyzf79ChQUnMntD,UCakdSIPsJqiOLqylgoYmwQg,Career Counseling for Mid Career Engineers,2020-04-25T04:17:36Z,1
PLf0swTFhTI8rCO6WBSfcSPQMf3l5ZZUwc,UCakdSIPsJqiOLqylgoYmwQg,Apache Spark - Issues and Solutions,2020-04-19T05:18:48Z,2
PLf0swTFhTI8rSk91zxLZNWxiTQyVjxydd,UCakdSIPsJqiOLqylgoYmwQg,Advanced Apache Spark - Key Concepts and Frequently Asked Questions (FAQ),2020-04-18T12:38:03Z,1
PLf0swTFhTI8qPcW9pj-ZOQoWTaZtaKofP,UCakdSIPsJqiOLqylgoYmwQg,Basics of Computers for Kids,2020-04-11T14:18:09Z,6
PLf0swTFhTI8qD1UIToygTApiyGenfusqD,UCakdSIPsJqiOLqylgoYmwQg,"CCA 175 Tips, Techniques and Resources",2020-04-08T19:29:36Z,13
PLf0swTFhTI8oc9mpPLu6o48oemrkTbl0B,UCakdSIPsJqiOLqylgoYmwQg,ITVersity - Big Data Labs - Usage and Common Issues,2019-11-21T03:59:23Z,4
PLf0swTFhTI8oaoJtQnyx--W61538tQ0k6,UCakdSIPsJqiOLqylgoYmwQg,Building Social Profile - Tips and Techniques,2019-08-26T17:12:36Z,2
PLf0swTFhTI8r3_cO0M3qDjB_NivfGNIAL,UCakdSIPsJqiOLqylgoYmwQg,Cloud and Data Engineering Bootcamp - Fall'19,2019-08-15T16:01:48Z,5
PLf0swTFhTI8qeXufQGaABa6rvtkSneqWN,UCakdSIPsJqiOLqylgoYmwQg,Expert Talks,2019-08-07T21:37:46Z,1
PLf0swTFhTI8p5a-YZrpnGT7gFCX66UVSK,UCakdSIPsJqiOLqylgoYmwQg,Udemy Online Q&A Sessions,2019-07-30T14:47:12Z,1
PLf0swTFhTI8rEIl9BmPxx8wPMmSJhPO6O,UCakdSIPsJqiOLqylgoYmwQg,Content Creation,2019-07-09T04:37:07Z,2
PLf0swTFhTI8ot9JViW0_QLDEp71Q0PUNI,UCakdSIPsJqiOLqylgoYmwQg,"CCA 159 - Data Analyst - Sqoop , Hive and Impala",2019-06-28T03:10:52Z,235
PLf0swTFhTI8oUz3_ot8fzJT5THfviV9Ao,UCakdSIPsJqiOLqylgoYmwQg,Data Engineering Bootcamp - Live Sessions,2019-04-14T11:54:23Z,2
PLf0swTFhTI8oU8tcavexNnDtS3tJaPIi4,UCakdSIPsJqiOLqylgoYmwQg,Big Data Practice Tests - General,2019-04-11T23:46:15Z,1
PLf0swTFhTI8pb5SWBnZT7UyV9sU7lU9B9,UCakdSIPsJqiOLqylgoYmwQg,Be a Pro using MacBook Pro,2019-03-31T14:34:13Z,34
PLf0swTFhTI8reEqes_y588WF500j9i-ym,UCakdSIPsJqiOLqylgoYmwQg,Build backend for applications using NodeJS and MongoDB,2019-02-13T10:24:12Z,34
PLf0swTFhTI8qINd_6AhVnQvoLtGad2iPp,UCakdSIPsJqiOLqylgoYmwQg,Data Engineering Bootcamp - Overview of Big Data ecosystem,2018-12-22T12:01:19Z,9
PLf0swTFhTI8okRPQSHJ2ImpygMz7VOfCs,UCakdSIPsJqiOLqylgoYmwQg,Data Engineering Bootcamp - Big Data Ingestion tools,2018-12-22T02:31:53Z,8
PLf0swTFhTI8pzhd5GfyU5AL8GIjqOzsUQ,UCakdSIPsJqiOLqylgoYmwQg,Data Engineering Bootcamp - Streaming Data Pipelines,2018-12-08T14:29:38Z,56
PLf0swTFhTI8oIr3FjJMbcd5sj3GLCV8Sl,UCakdSIPsJqiOLqylgoYmwQg,Data Engineering Bootcamp - Databases in Big Data,2018-12-08T01:17:37Z,28
PLf0swTFhTI8r-L8zft8daBkJ66_RTRSV7,UCakdSIPsJqiOLqylgoYmwQg,Fundamentals of Programming using Python 3,2018-11-25T23:37:28Z,30
PLf0swTFhTI8p-7_ibvl8yL2TLDh9MNqXS,UCakdSIPsJqiOLqylgoYmwQg,Data Engineering Bootcamp - Linux Fundamentals,2018-11-25T10:13:13Z,48
PLf0swTFhTI8pst8i3rA6ymGJOx8nO5ouS,UCakdSIPsJqiOLqylgoYmwQg,Cloudera Hadoop and Spark Cluster Administration - CCA 131 Certification,2018-10-21T03:49:17Z,158
PLf0swTFhTI8pZ6fj9OmHKuESF0yUL-wkb,UCakdSIPsJqiOLqylgoYmwQg,Apache Flume - Ingesting log data to Hadoop and Kafka,2018-09-19T22:52:04Z,14
PLf0swTFhTI8pMQTyecJq43w1J0ercuvcf,UCakdSIPsJqiOLqylgoYmwQg,Big Data on Cloud (Hadoop and Spark on AWS),2018-08-11T12:42:24Z,8
PLf0swTFhTI8qtIYxVoPOjA2fYzBFiNMue,UCakdSIPsJqiOLqylgoYmwQg,Apache Spark 2 using Python 3,2018-07-29T14:12:49Z,25
PLf0swTFhTI8pPnREZl7A8YmE4Cp_canPM,UCakdSIPsJqiOLqylgoYmwQg,Apache Spark 2 using Scala,2018-07-23T00:23:06Z,20
PLf0swTFhTI8oG2n_NLQTAv5tnQSB2ax6b,UCakdSIPsJqiOLqylgoYmwQg,Building Hadoop and Spark Cluster using Ansible,2018-07-13T06:52:57Z,12
PLf0swTFhTI8pLBlJROI-3Mhu_XQfVZNrs,UCakdSIPsJqiOLqylgoYmwQg,Linux Fundamentals for Big Data Professionals,2018-06-18T06:13:44Z,12
PLf0swTFhTI8rM5AdWXObgQ-aN5gYyOfKC,UCakdSIPsJqiOLqylgoYmwQg,Building Streaming Data Pipelines - Using Kafka,2018-05-20T01:06:38Z,16
PLf0swTFhTI8rvVFacGRPrV0iRkEbIraPV,UCakdSIPsJqiOLqylgoYmwQg,AWS EMR and Spark 2,2018-04-11T23:55:37Z,1
PLf0swTFhTI8rxxGodNHJia7IPEqs7Sla0,UCakdSIPsJqiOLqylgoYmwQg,Angular Workshop: Build Chatbot using DialogFlow,2018-03-12T13:49:44Z,4
PLf0swTFhTI8qNEFO5z-P928y42Lba1T36,UCakdSIPsJqiOLqylgoYmwQg,Amazon Web Services - Foundation,2018-02-12T15:03:23Z,30
PLf0swTFhTI8qLS7CSEMHU2hI59NYFKtI6,UCakdSIPsJqiOLqylgoYmwQg,Premium Hangouts,2018-01-26T03:59:05Z,6
PLf0swTFhTI8o9qJ_m1BXC2UeKTcZvJH_6,UCakdSIPsJqiOLqylgoYmwQg,Data Engineering Boot Camp using Big Data - 201803,2018-01-25T01:06:14Z,3
PLf0swTFhTI8rT3ApjBqt338MCO0ZvReFt,UCakdSIPsJqiOLqylgoYmwQg,CCA 175 Spark and Hadoop Developer using Python,2018-01-17T04:37:07Z,161
PLf0swTFhTI8oy5U0C5GwWR88zb8WKgqK2,UCakdSIPsJqiOLqylgoYmwQg,Setup Development Environment for Scala and Spark - Windows 10,2017-12-31T23:18:00Z,20
PLf0swTFhTI8q4KxZyYhyNZFwMzbfJwwn9,UCakdSIPsJqiOLqylgoYmwQg,Python and Spark Workshop Series - 01 Python and Linux basics,2017-12-30T01:28:46Z,7
PLf0swTFhTI8qeFZpuNjrlF3fceeIQSEda,UCakdSIPsJqiOLqylgoYmwQg,Learn Python for Spark,2017-12-29T23:48:40Z,7
PLf0swTFhTI8pYbd8mr36LiYIOOY2xw5Iu,UCakdSIPsJqiOLqylgoYmwQg,Setup Development Environment for Python and Spark - Windows 10,2017-12-29T05:26:52Z,18
PLf0swTFhTI8qaFYQyR99wchg1Kx_BFXSg,UCakdSIPsJqiOLqylgoYmwQg,Apache Sqoop for Certifications,2017-11-24T03:25:02Z,25
PLf0swTFhTI8rDQXfH8afWtGgpOTnhebDx,UCakdSIPsJqiOLqylgoYmwQg,CCA 175 Spark and Hadoop Developer - Scala,2017-11-24T02:19:02Z,157
PLf0swTFhTI8otgadSFlL44X_ISa0jvhJQ,UCakdSIPsJqiOLqylgoYmwQg,Big Data Certifications Workshop - 201711,2017-10-29T10:32:30Z,35
PLf0swTFhTI8q2yDYXQqnHy1FnOZLBlQNh,UCakdSIPsJqiOLqylgoYmwQg,HDPCD:Spark using Scala,2017-10-19T08:05:06Z,74
PLf0swTFhTI8pronNK7Gm-isKX7tdNb0Go,UCakdSIPsJqiOLqylgoYmwQg,HDPCD:Spark using Python,2017-09-29T00:30:11Z,63
PLf0swTFhTI8r-xiHWX5XznCAbLBbEwyY7,UCakdSIPsJqiOLqylgoYmwQg,itversity - events,2017-08-31T14:53:48Z,3
PLf0swTFhTI8rG-rsZ6wFsaLG9diTXu9US,UCakdSIPsJqiOLqylgoYmwQg,Learn SQL using Oracle from expert,2017-06-12T23:25:09Z,10
PLf0swTFhTI8qnMI7PUgjlBIsB9HwUFhYH,UCakdSIPsJqiOLqylgoYmwQg,Java Foundations for Naives and High School Students,2017-06-07T11:37:30Z,16
PLf0swTFhTI8qtOLP5rWmwonnlilIBIrsl,UCakdSIPsJqiOLqylgoYmwQg,Scala and Spark training - June 2017,2017-05-25T09:51:43Z,32
PLf0swTFhTI8rv85gSUEyBxN6fdv5D2E0C,UCakdSIPsJqiOLqylgoYmwQg,Learn Scala for Spark,2017-05-14T05:54:10Z,29
PLf0swTFhTI8p4bkrJuJdnZo5mDlDiHEVg,UCakdSIPsJqiOLqylgoYmwQg,Apache Spark using Scala,2017-05-14T01:06:19Z,44
PLf0swTFhTI8p6Itn5XZ0o9osOF_YSqAgo,UCakdSIPsJqiOLqylgoYmwQg,Developer certification videos,2017-05-01T00:42:04Z,80
PLf0swTFhTI8pz46OjMBsafX3CALrKKzMe,UCakdSIPsJqiOLqylgoYmwQg,CCA Data Analyst - Sqoop and Hive,2017-04-03T01:16:21Z,33
PLf0swTFhTI8ra9ccF3t7p_vEBkm6Q8iOj,UCakdSIPsJqiOLqylgoYmwQg,Scala and Spark Workshop,2017-03-25T02:28:32Z,7
PLf0swTFhTI8rVDf94eqeRmezl6sUBrxPg,UCakdSIPsJqiOLqylgoYmwQg,Big Data Workshop - live training - 2017 January - Hive videos,2017-03-05T17:11:14Z,13
PLf0swTFhTI8qCIiR6SPSmK8btFEgnkK0Q,UCakdSIPsJqiOLqylgoYmwQg,Big Data Workshop - live training - 2017 February - Scala and Spark,2017-02-18T23:50:10Z,14
PLf0swTFhTI8pFYjRLQtPmbj85trI5yHyR,UCakdSIPsJqiOLqylgoYmwQg,Big Data Workshop - live training - 2017 January - Sqoop videos,2017-02-18T02:54:36Z,14
PLf0swTFhTI8pF2LlundTPc5Pn1TIbUhri,UCakdSIPsJqiOLqylgoYmwQg,Big Data Workshop - live training - 2017 February,2017-02-15T08:19:20Z,23
PLf0swTFhTI8q4pvjNTcjMPzCYPZIrpPAa,UCakdSIPsJqiOLqylgoYmwQg,Big Data Workshop - live training - 2017 January,2017-01-23T08:32:34Z,68
PLf0swTFhTI8piG0jq0mFueIPs7iL5_3b4,UCakdSIPsJqiOLqylgoYmwQg,Personal,2017-01-17T11:35:31Z,1
PLf0swTFhTI8okziaJI7zqnXXwdE1il7sj,UCakdSIPsJqiOLqylgoYmwQg,Big Data Certifications Workshops,2016-12-11T06:20:38Z,14
PLf0swTFhTI8rQhGnzEOM-GkCJBO0wrnlt,UCakdSIPsJqiOLqylgoYmwQg,bigdata-labs,2016-11-05T02:02:13Z,5
PLf0swTFhTI8qOAbrJhihZZTWfZA_arTYZ,UCakdSIPsJqiOLqylgoYmwQg,Setup Virtual Machines - using vmware esxi and ovh,2016-11-01T16:33:11Z,16
PLf0swTFhTI8r4dv9xK0JGIGnkOQYdps8Q,UCakdSIPsJqiOLqylgoYmwQg,itversity - content writing,2016-10-20T12:38:25Z,5
PLf0swTFhTI8rJzkVl_OawjNPh1jMK1B3m,UCakdSIPsJqiOLqylgoYmwQg,Become professional blogger,2016-10-05T08:50:19Z,13
PLf0swTFhTI8r6bXXwdkkCs75yrcfXqZHr,UCakdSIPsJqiOLqylgoYmwQg,Big Data Engineer immersion - Active Students - live workshops,2016-09-19T01:29:50Z,15
PLf0swTFhTI8pWRmfdBzj_mm3U__cvRKPb,UCakdSIPsJqiOLqylgoYmwQg,Googlegroups - Big Data Technologies,2016-09-14T04:03:34Z,1
PLf0swTFhTI8qCGIvjXzX3ODTJYvgEApFg,UCakdSIPsJqiOLqylgoYmwQg,Big Data Engineer - Immersion - East Coast,2016-09-13T03:45:52Z,27
PLf0swTFhTI8pNZ0y87SX4PfpNjqPizDPw,UCakdSIPsJqiOLqylgoYmwQg,Career Counseling for MS Students,2016-08-06T02:00:12Z,2
PLf0swTFhTI8qtm7zm3d4T5w2Bp6EnMaSU,UCakdSIPsJqiOLqylgoYmwQg,Hadoop Administration - FAQs,2016-08-03T01:20:07Z,5
PLf0swTFhTI8pgc4wyhT8lIEJCPT08RI3X,UCakdSIPsJqiOLqylgoYmwQg,HDP Certified Developer - Spark (HDPCD:Spark),2016-07-30T16:42:55Z,64
PLf0swTFhTI8qzzHRrvxvhEBVOMUmg8cXg,UCakdSIPsJqiOLqylgoYmwQg,hangouts,2016-07-22T08:46:07Z,18
PLf0swTFhTI8qjv9VOwMesAZ07OKIgsmUb,UCakdSIPsJqiOLqylgoYmwQg,Big Data Engineer - Immersion,2016-07-17T06:14:31Z,71
PLf0swTFhTI8ra5T5B7QsNuu5yxiEdd6Ro,UCakdSIPsJqiOLqylgoYmwQg,Getting Started - NoSQL - MongoDB,2016-07-01T14:57:43Z,7
PLf0swTFhTI8oLqAw3cLyPiqpPhDMpVuM2,UCakdSIPsJqiOLqylgoYmwQg,Hadoop and Spark developer - lab setup on cloud,2016-06-26T06:01:15Z,11
PLf0swTFhTI8qi5IuwLYm7sJE6vWo6KrPj,UCakdSIPsJqiOLqylgoYmwQg,itversity Private - Hadoop and Spark administrator training - June 2016,2016-06-21T06:02:31Z,8
PLf0swTFhTI8rPoYMMZGs44FZX4qGbfjTu,UCakdSIPsJqiOLqylgoYmwQg,itversity Private - Hadoop and Spark developer training - June 2016,2016-06-16T14:07:17Z,18
PLf0swTFhTI8rG963A9hsXLrzIXbt_jwgV,UCakdSIPsJqiOLqylgoYmwQg,Hadoop Distributed File System - HDFS,2016-06-03T02:15:10Z,19
PLf0swTFhTI8pH1wHiMMTLQCYFSIhrBAqZ,UCakdSIPsJqiOLqylgoYmwQg,Apache Oozie,2016-06-02T10:57:23Z,7
PLf0swTFhTI8qZPHwjy4Hrh_NUlhLku5cx,UCakdSIPsJqiOLqylgoYmwQg,Apache Sqoop,2016-06-02T10:27:07Z,14
PLf0swTFhTI8rq6SBtTtlTpOB2bHFoIlOZ,UCakdSIPsJqiOLqylgoYmwQg,Certifications - Hadoop - Cloudera Certified Professional Data Engineer,2016-06-02T05:06:31Z,39
PLf0swTFhTI8qbpdBmeiyYKP3wEBrjVpMr,UCakdSIPsJqiOLqylgoYmwQg,"Data To Analytics Using Hadoop, Spark and Tableau",2016-05-18T02:48:37Z,10
PLf0swTFhTI8pJn1pcRo1idi4XX-a62Oo9,UCakdSIPsJqiOLqylgoYmwQg,Administration - Hadoop - Cloudera Hadoop on AWS,2016-03-22T11:12:33Z,64
PLf0swTFhTI8o5IZuk-m72ow0TBnyhqCAF,UCakdSIPsJqiOLqylgoYmwQg,Certifications - Hadoop - Cloudera Certified Administrator of Apache Hadoop (CCAH),2016-03-22T11:09:36Z,52
PLf0swTFhTI8q9Uc7g2gs2t_ToFGzi7GEw,UCakdSIPsJqiOLqylgoYmwQg,Administration - Hadoop - Cloudera Hadoop on VMs,2016-03-20T02:14:32Z,78
PLf0swTFhTI8rPlPxDnDrYWE8bg2kKs3Q-,UCakdSIPsJqiOLqylgoYmwQg,Certifications - Hadoop - Hortonworks Data Platform Certified Administrator (HDPCA),2016-03-20T02:12:06Z,67
PLf0swTFhTI8o6PhuwMO6rx4-m3CnZ7uBp,UCakdSIPsJqiOLqylgoYmwQg,Apache Hive,2016-03-14T04:01:00Z,21
PLf0swTFhTI8pQcKpwJHs4irN-0YOPwhvm,UCakdSIPsJqiOLqylgoYmwQg,Apache Spark - Streaming,2016-03-13T11:09:54Z,9
PLf0swTFhTI8pqjoiGAccWtzloz4V9LsHi,UCakdSIPsJqiOLqylgoYmwQg,Certifications - Redhat Certified System Administrator,2016-03-10T23:36:50Z,14
PLf0swTFhTI8rD2YwBTcXy7aLTtXXomevI,UCakdSIPsJqiOLqylgoYmwQg,Apache Pig,2016-02-24T08:09:32Z,22
PLf0swTFhTI8r7kR-yCpgLbUVNL9Dl-z_C,UCakdSIPsJqiOLqylgoYmwQg,Apple Mac for IT Professionals,2016-02-15T12:54:07Z,19
PLf0swTFhTI8qGExF3HH7frOiYPV7h1lD4,UCakdSIPsJqiOLqylgoYmwQg,Getting Started - Cloud Foundry,2016-02-11T08:47:31Z,8
PLf0swTFhTI8pTZ2EYpjrJCPlRQvBJ7Cwa,UCakdSIPsJqiOLqylgoYmwQg,Hadoop Certifications - HDP Certified Developer - no Java,2016-02-11T01:07:14Z,79
PLf0swTFhTI8qMPlj6NXxP60BWVBrasEiO,UCakdSIPsJqiOLqylgoYmwQg,Learning Resources - Cloud,2016-01-29T05:23:49Z,3
PLf0swTFhTI8qIRHNfe_RXZ_8_0Re51sku,UCakdSIPsJqiOLqylgoYmwQg,Hadoop Certifications - HDP Certified Developer - Java (HDPCD:Java),2016-01-28T03:59:45Z,41
PLf0swTFhTI8pYx_X_fYpWkCfHozmMsyij,UCakdSIPsJqiOLqylgoYmwQg,Apache Spark - Scala,2016-01-18T07:43:39Z,53
PLf0swTFhTI8o2V96xr0ayFWKfFJ2PvxHM,UCakdSIPsJqiOLqylgoYmwQg,Apache Spark - Python,2016-01-18T07:41:38Z,26
PLf0swTFhTI8pl4zeT4VoSUzfj8jdF9MaS,UCakdSIPsJqiOLqylgoYmwQg,Linux & Unix Tips,2015-12-27T16:38:14Z,4
PLf0swTFhTI8qxbn6ufXIQeUxhK73CC_df,UCakdSIPsJqiOLqylgoYmwQg,Spark Administration - Standalone on EC2,2015-12-14T16:38:27Z,8
PLf0swTFhTI8rJvGpOp-LujOcpk-Rlz-yE,UCakdSIPsJqiOLqylgoYmwQg,Hadoop Certifications - Cloudera Certified Associate Spark and Hadoop Developer,2015-12-14T02:59:18Z,94
PLf0swTFhTI8px9BvYqgCBe4Y8SLff-bWV,UCakdSIPsJqiOLqylgoYmwQg,Crash course of Scala for Spark users,2015-11-28T19:27:08Z,3
PLf0swTFhTI8qCRk4oaygBuynJP9DOPQsL,UCakdSIPsJqiOLqylgoYmwQg,Performance Tuning - Oracle Database,2015-11-14T02:53:12Z,18
PLf0swTFhTI8pznv1raUaDJGsj_jYUh6qv,UCakdSIPsJqiOLqylgoYmwQg,Amazon Web Services - Hadoop using Elastic Map Reduce,2015-11-12T04:10:54Z,8
PLf0swTFhTI8ogPRqcabZyQsybEqFP6lW-,UCakdSIPsJqiOLqylgoYmwQg,Oracle Cloud,2015-11-11T15:22:39Z,5
PLf0swTFhTI8r8xkL1fxVy8POlg-P251WM,UCakdSIPsJqiOLqylgoYmwQg,Getting Started - NoSQL - Cassandra for Java Developers,2015-11-07T05:56:24Z,2
PLf0swTFhTI8om6McM1z5TZERReNEIKB9O,UCakdSIPsJqiOLqylgoYmwQg,Trailers,2015-11-01T02:49:01Z,10
PLf0swTFhTI8r9bpxMZI1r3wWad763tLSA,UCakdSIPsJqiOLqylgoYmwQg,Getting Started - R and R Studio,2015-10-29T13:23:38Z,4
PLf0swTFhTI8qZ2GkrOQQ5CA3b_RX7p8ch,UCakdSIPsJqiOLqylgoYmwQg,Effective Job Marketing,2015-10-22T12:45:08Z,11
PLf0swTFhTI8ruUU0-3aAu-Ik7aBce8Xma,UCakdSIPsJqiOLqylgoYmwQg,Publishing Content to itversity,2015-10-19T05:28:02Z,9
PLf0swTFhTI8qFaaST9z73rGptO04_blTQ,UCakdSIPsJqiOLqylgoYmwQg,Getting Started - NoSQL - DynamoDB for Java Developers,2015-10-12T13:39:25Z,8
PLf0swTFhTI8r6wUT9dcSQ-sLeaIMbbLm_,UCakdSIPsJqiOLqylgoYmwQg,Getting Started - NoSQL - HBase for Java Developers,2015-10-04T16:15:53Z,9
PLf0swTFhTI8rjBS9zJGReO1IWLf7Lpi7g,UCakdSIPsJqiOLqylgoYmwQg,Getting Started - Apache Spark,2015-09-23T05:23:46Z,12
PLf0swTFhTI8pFYbcZA4bNWCjetRKVubPH,UCakdSIPsJqiOLqylgoYmwQg,Plain Vanilla Hadoop - Single Node - Setup and Development,2015-09-19T07:21:42Z,30
PLf0swTFhTI8p7ZYBB5DmRHK3L6aq8Mvcv,UCakdSIPsJqiOLqylgoYmwQg,Hadoop - Map Reduce application development using Java,2015-09-07T03:25:15Z,61
PLf0swTFhTI8pUf90nS2K4Tw4SZAFGw9m8,UCakdSIPsJqiOLqylgoYmwQg,Hadoop Administration - Day to Day operations,2015-09-01T05:15:13Z,11
PLf0swTFhTI8pjVUq_HLs4t1XvMxQf2yHO,UCakdSIPsJqiOLqylgoYmwQg,Infolob Hadoop Training 2015 08,2015-08-22T03:07:15Z,2
PLf0swTFhTI8riluKs2E2SG-vvulPQXNTt,UCakdSIPsJqiOLqylgoYmwQg,VMWare - Create Virtual Machines on Mac or PC,2015-08-20T04:23:32Z,13
PLf0swTFhTI8pZ1QXeUS4Tb9Sc6crYQDkP,UCakdSIPsJqiOLqylgoYmwQg,Linux Administration - Redhat,2015-08-19T06:10:10Z,5
PLf0swTFhTI8qKo5rHQ5XmcAWjkMZnfo6I,UCakdSIPsJqiOLqylgoYmwQg,Hadoop Administration - Hortonworks - HDP 2.3.0 - AWS,2015-08-17T15:09:12Z,70
PLf0swTFhTI8rvUye27NdkTte3ldym2Nlu,UCakdSIPsJqiOLqylgoYmwQg,Amazon Web Services,2015-08-16T13:48:46Z,21
PLf0swTFhTI8rG6Q4dr_FruqDdzu9M7AQ2,UCakdSIPsJqiOLqylgoYmwQg,Hadoop Administration - Hortonworks - HDP 2.3.0 - VM,2015-08-14T02:57:23Z,79
PLf0swTFhTI8rEyKHZyouchVRqxVylnszp,UCakdSIPsJqiOLqylgoYmwQg,Virtualization using Oracle VM Technology,2015-03-30T14:38:44Z,4
PLf0swTFhTI8ohyodrzJrBiy5U8tRd39wQ,UCakdSIPsJqiOLqylgoYmwQg,Microsoft Windows for IT Professionals,2015-03-29T17:43:56Z,20
PLf0swTFhTI8q5X0ZBeUaK1yl_TP-tJInC,UCakdSIPsJqiOLqylgoYmwQg,Hadoop - Build Enterprise Data Warehouse,2015-01-27T20:14:34Z,27
PLf0swTFhTI8qXRp5dmGKjRth-VqNLdNiN,UCakdSIPsJqiOLqylgoYmwQg,Previews,2015-01-27T03:21:54Z,10
PLf0swTFhTI8pOZ4VBSGerKUmF9USWL6vd,UCakdSIPsJqiOLqylgoYmwQg,Administration - Hadoop using Cloudera Distribution,2015-01-06T22:36:31Z,25
PLf0swTFhTI8o6LURHy7u3YIBC3FnuZIdP,UCakdSIPsJqiOLqylgoYmwQg,Introduction - Big Data Introduction,2014-12-30T11:54:20Z,18
PLf0swTFhTI8qBGRdIwWeP5lh5UY2AfIoG,UCakdSIPsJqiOLqylgoYmwQg,Performance Tuning - Hadoop Map Reduce,2014-11-21T00:37:58Z,8
PLf0swTFhTI8qjmMxtnNkqRj_u607Pg6U3,UCakdSIPsJqiOLqylgoYmwQg,General - Useful for all who uses internet.,2014-11-13T19:32:24Z,2
PLf0swTFhTI8rnNRnVz6n-f1d3ZCDtgqRq,UCakdSIPsJqiOLqylgoYmwQg,Getting Started - Hadoop Map Reduce Programming using Java (fine tuned for Java Professionals),2014-11-08T13:14:48Z,10
PLf0swTFhTI8rWAzLVxotgyyigpx0mu-9P,UCakdSIPsJqiOLqylgoYmwQg,Getting Started - Data Analytics using Cloudera Distribution of Hadoop eco system,2014-11-06T03:38:05Z,11
PLf0swTFhTI8oE8PS7098Zl3iIIRyFiwaU,UCakdSIPsJqiOLqylgoYmwQg,Getting Started - Cloudera Hadoop on Amazon Web Services,2014-10-31T20:55:20Z,2
